url,name,tags
https://compoundfoundry.s3.amazonaws.com/wrappingpaper/new_uploads/ff172006-f675-4dc3-bdef-4f71e9a7b89f.png,Garden Day with the American Quarter,"non-christmas, 2025, horse, horses, mothersday, animal, animals, gardenday, americanquarter"
https://compoundfoundry.s3.amazonaws.com/wrappingpaper/new_uploads/375573d9-39cb-4bcc-b02c-ee6c7ab82af5.png,Garden Day with the American Saddlebred,"non-christmas, 2025, horse, horses, mothersday, animal, animals, gardenday, americansaddlebred, saddlebred"
https://compoundfoundry.s3.amazonaws.com/wrappingpaper/new_uploads/dead3d78-33c1-41a0-a6ec-6a94a77bdd2a.png,Garden Day with the Galineers Cob,"non-christmas, 2025, horse, horses, mothersday, animal, animals, gardenday, galineerscob"
https://compoundfoundry.s3.amazonaws.com/wrappingpaper/new_uploads/4107aea3-975f-41c6-b293-7c2139c8029d.png,Garden Day with the Haflinger,"non-christmas, 2025, horse, horses, mothersday, animal, animals, gardenday, haflinger, halflinger"
https://compoundfoundry.s3.amazonaws.com/wrappingpaper/new_uploads/ff5868bf-f3c5-4602-9c8a-f68ef78964c7.png,Garden Day with the Icelandic,"non-christmas, 2025, horse, horses, mothersday, animal, animals, gardenday, icelandic"
https://compoundfoundry.s3.amazonaws.com/wrappingpaper/new_uploads/0f66ff85-98a2-490e-b3c3-c3e11d938c34.png,Garden Day with the Shetland,"non-christmas, 2025, horse, horses, mothersday, animal, animals, gardenday, shetland"
https://compoundfoundry.s3.amazonaws.com/wrappingpaper/new_uploads/9bf3def3-009c-4e0d-b10c-2a25cf2ee1bc.png,Garden Day with the Shire,"non-christmas, 2025, horse, horses, mothersday, animal, animals, gardenday, shire"
https://compoundfoundry.s3.amazonaws.com/wrappingpaper/new_uploads/76398232-1bc9-436e-b414-bd6d9845bf4d.png,Garden Day with the Tennessee Walking Horse,"non-christmas, 2025, horse, horses, mothersday, animal, animals, gardenday, tennesseewalkinghorse, walkinghorse"
https://compoundfoundry.s3.amazonaws.com/wrappingpaper/new_uploads/aa104808-59b6-4689-8332-005ede26e01b.png,Garden Day with the American Paint,"non-christmas, 2025, horse, horses, mothersday, animal, animals, gardenday, americanpaint"
https://compoundfoundry.s3.amazonaws.com/wrappingpaper/new_uploads/d7d0b98b-e5c7-4e4f-ba43-4f96dce51193.png,Garden Day with the Arabian,"non-christmas, 2025, horse, horses, mothersday, animal, animals, gardenday, arabian"
https://compoundfoundry.s3.amazonaws.com/wrappingpaper/new_uploads/be596cf1-ed19-4c04-b8bf-663d2dc3247d.png,Garden Day with the Clydesdale,"non-christmas, 2025, horse, horses, mothersday, animal, animals, gardenday, clydesdale"
https://compoundfoundry.s3.amazonaws.com/wrappingpaper/new_uploads/13b073bd-c1fe-471a-9b80-0452015a035c.png,Garden Day with the Missouri Fox Trotter,"non-christmas, 2025, horse, horses, mothersday, animal, animals, gardenday, missourifoxtrotter"
https://compoundfoundry.s3.amazonaws.com/wrappingpaper/new_uploads/cee67b46-bf86-494c-a444-dbafb39f1af7.png,Garden Day with the Stallion,"non-christmas, 2025, horse, horses, mothersday, animal, animals, gardenday, stallion"
https://compoundfoundry.s3.amazonaws.com/wrappingpaper/new_uploads/f82f1df8-d5ce-4104-96a6-cac00d23ee61.png,Garden Day with the Thoroughbred,"non-christmas, 2025, horse, horses, mothersday, animal, animals, gardenday, thoroughbred"