url,name,tags,other_mockup_url,011_url
https://compoundfoundry.s3.us-east-2.amazonaws.com/wrappingpaper/new_uploads/9c4eb7fe-0942-4efb-ac0f-3c676160872d.png,9c4eb7fe-0942-4efb-ac0f-3c676160872d,"food, bacon, pigs, breakfast, forhim, cooking, baking",https://compoundfoundry.s3-us-east-2.amazonaws.com/wrappingpaper/new_uploads/9c4eb7fe-0942-4efb-ac0f-3c676160872d_3_05-(2).png,https://compoundfoundry.s3-us-east-2.amazonaws.com/wrappingpaper/new_uploads/9c4eb7fe-0942-4efb-ac0f-3c676160872d_6_011.png
https://compoundfoundry.s3.us-east-2.amazonaws.com/wrappingpaper/new_uploads/74b43b1f-13bb-4e7f-a886-f63c41c97713.png,74b43b1f-13bb-4e7f-a886-f63c41c97713,"grass, cut, forhim, outdoor, summer, dad",https://compoundfoundry.s3-us-east-2.amazonaws.com/wrappingpaper/new_uploads/74b43b1f-13bb-4e7f-a886-f63c41c97713_3_081_w.png,https://compoundfoundry.s3-us-east-2.amazonaws.com/wrappingpaper/new_uploads/74b43b1f-13bb-4e7f-a886-f63c41c97713_6_011.png
https://compoundfoundry.s3.us-east-2.amazonaws.com/wrappingpaper/new_uploads/adcb52bb-2521-4ec4-90cf-146085298a25.png,adcb52bb-2521-4ec4-90cf-146085298a25,"doodle, dog, poodle, labradoodle, puppy, animal",https://compoundfoundry.s3-us-east-2.amazonaws.com/wrappingpaper/new_uploads/adcb52bb-2521-4ec4-90cf-146085298a25_3_051_w.png,https://compoundfoundry.s3-us-east-2.amazonaws.com/wrappingpaper/new_uploads/adcb52bb-2521-4ec4-90cf-146085298a25_6_011.png
https://compoundfoundry.s3.us-east-2.amazonaws.com/wrappingpaper/new_uploads/bdee9076-f1ae-4677-b52f-c5862adfb202.png,bdee9076-f1ae-4677-b52f-c5862adfb202,"ducks, mallard, hunting, waterfoul, delta, fishing",https://compoundfoundry.s3-us-east-2.amazonaws.com/wrappingpaper/new_uploads/bdee9076-f1ae-4677-b52f-c5862adfb202_3_051_w.png,https://compoundfoundry.s3-us-east-2.amazonaws.com/wrappingpaper/new_uploads/bdee9076-f1ae-4677-b52f-c5862adfb202_6_011.png
https://compoundfoundry.s3.us-east-2.amazonaws.com/wrappingpaper/new_uploads/51b915e3-e642-44b6-9072-957e0f7db892.png,51b915e3-e642-44b6-9072-957e0f7db892,"tiger, animal, roar, cat, college, mascot",https://compoundfoundry.s3-us-east-2.amazonaws.com/wrappingpaper/new_uploads/51b915e3-e642-44b6-9072-957e0f7db892_3_05-(2).png,https://compoundfoundry.s3-us-east-2.amazonaws.com/wrappingpaper/new_uploads/51b915e3-e642-44b6-9072-957e0f7db892_6_011.png
https://compoundfoundry.s3.us-east-2.amazonaws.com/wrappingpaper/new_uploads/1e792cb6-a8e6-46f1-bfc6-69dff0bc7d60.png,1e792cb6-a8e6-46f1-bfc6-69dff0bc7d60,"ducks, mallards, waterfoul, animals, hunting, fishing",https://compoundfoundry.s3-us-east-2.amazonaws.com/wrappingpaper/new_uploads/1e792cb6-a8e6-46f1-bfc6-69dff0bc7d60_3_05-(2).png,https://compoundfoundry.s3-us-east-2.amazonaws.com/wrappingpaper/new_uploads/1e792cb6-a8e6-46f1-bfc6-69dff0bc7d60_6_011.png
https://compoundfoundry.s3.us-east-2.amazonaws.com/wrappingpaper/new_uploads/9f0fbdfd-bb23-4b78-984b-7341ae15d6a1.png,9f0fbdfd-bb23-4b78-984b-7341ae15d6a1,"longhorn, cattle, animal, Texas, college, football, mascot",https://compoundfoundry.s3-us-east-2.amazonaws.com/wrappingpaper/new_uploads/9f0fbdfd-bb23-4b78-984b-7341ae15d6a1_3_051_w.png,https://compoundfoundry.s3-us-east-2.amazonaws.com/wrappingpaper/new_uploads/9f0fbdfd-bb23-4b78-984b-7341ae15d6a1_6_011.png
https://compoundfoundry.s3.us-east-2.amazonaws.com/wrappingpaper/new_uploads/a13b385c-61f8-4350-8e02-f61399b52c2a.png,a13b385c-61f8-4350-8e02-f61399b52c2a,"longhorn, cattle, animal, Texas, college, football, mascot",https://compoundfoundry.s3-us-east-2.amazonaws.com/wrappingpaper/new_uploads/a13b385c-61f8-4350-8e02-f61399b52c2a_3_081_w.png,https://compoundfoundry.s3-us-east-2.amazonaws.com/wrappingpaper/new_uploads/a13b385c-61f8-4350-8e02-f61399b52c2a_6_011.png
https://compoundfoundry.s3.us-east-2.amazonaws.com/wrappingpaper/new_uploads/f697133e-c8ce-44df-a7bb-68eb43e66e4c.png,f697133e-c8ce-44df-a7bb-68eb43e66e4c,"Smokey, bluetickhound, dog, mascot, football, Tennessee, dog, animal, vols",https://compoundfoundry.s3-us-east-2.amazonaws.com/wrappingpaper/new_uploads/f697133e-c8ce-44df-a7bb-68eb43e66e4c_3_081_w.png,https://compoundfoundry.s3-us-east-2.amazonaws.com/wrappingpaper/new_uploads/f697133e-c8ce-44df-a7bb-68eb43e66e4c_6_011.png
https://compoundfoundry.s3.us-east-2.amazonaws.com/wrappingpaper/new_uploads/1bd9ab14-9fdc-4e91-865d-d7f5ae790939.png,1bd9ab14-9fdc-4e91-865d-d7f5ae790939,"football, college, OleMiss, helmets, sports, quarterback, touchdown, game",https://compoundfoundry.s3-us-east-2.amazonaws.com/wrappingpaper/new_uploads/1bd9ab14-9fdc-4e91-865d-d7f5ae790939_3_051_w.png,https://compoundfoundry.s3-us-east-2.amazonaws.com/wrappingpaper/new_uploads/1bd9ab14-9fdc-4e91-865d-d7f5ae790939_6_011.png
https://compoundfoundry.s3.us-east-2.amazonaws.com/wrappingpaper/new_uploads/61139592-521c-4970-b50c-847319bf9a71.png,61139592-521c-4970-b50c-847319bf9a71,"Alabama, elephant, college, football, RollTide, animal",https://compoundfoundry.s3-us-east-2.amazonaws.com/wrappingpaper/new_uploads/61139592-521c-4970-b50c-847319bf9a71_3_081_w.png,https://compoundfoundry.s3-us-east-2.amazonaws.com/wrappingpaper/new_uploads/61139592-521c-4970-b50c-847319bf9a71_6_011.png
https://compoundfoundry.s3.us-east-2.amazonaws.com/wrappingpaper/new_uploads/bedf0946-50cb-4e82-9e87-654bfbbb4afe.png,bedf0946-50cb-4e82-9e87-654bfbbb4afe,"football, Georgia, bulldog, games, college, Athens, Bulldog, animal",https://compoundfoundry.s3-us-east-2.amazonaws.com/wrappingpaper/new_uploads/bedf0946-50cb-4e82-9e87-654bfbbb4afe_3_05-(2).png,https://compoundfoundry.s3-us-east-2.amazonaws.com/wrappingpaper/new_uploads/bedf0946-50cb-4e82-9e87-654bfbbb4afe_6_011.png
https://compoundfoundry.s3.us-east-2.amazonaws.com/wrappingpaper/new_uploads/051b16db-18d1-4f85-a550-6ebe63f9e83a.png,051b16db-18d1-4f85-a550-6ebe63f9e83a,"football, college, highschool, games, sports, balls, kickoff",https://compoundfoundry.s3-us-east-2.amazonaws.com/wrappingpaper/new_uploads/051b16db-18d1-4f85-a550-6ebe63f9e83a_3_051_w.png,https://compoundfoundry.s3-us-east-2.amazonaws.com/wrappingpaper/new_uploads/051b16db-18d1-4f85-a550-6ebe63f9e83a_6_011.png
https://compoundfoundry.s3.us-east-2.amazonaws.com/wrappingpaper/new_uploads/678d0723-0f4d-4ed3-a057-ab9656413c0a.png,678d0723-0f4d-4ed3-a057-ab9656413c0a,"football, college, sports, OhioState, Buckeye, game, widereceiver",https://compoundfoundry.s3-us-east-2.amazonaws.com/wrappingpaper/new_uploads/678d0723-0f4d-4ed3-a057-ab9656413c0a_3_081_w.png,https://compoundfoundry.s3-us-east-2.amazonaws.com/wrappingpaper/new_uploads/678d0723-0f4d-4ed3-a057-ab9656413c0a_6_011.png
https://compoundfoundry.s3.us-east-2.amazonaws.com/wrappingpaper/new_uploads/6376b4e3-5bf4-4f63-bcea-daa93c8154a6.png,6376b4e3-5bf4-4f63-bcea-daa93c8154a6,"football, college, sports, games, field, endzones, touchdown",https://compoundfoundry.s3-us-east-2.amazonaws.com/wrappingpaper/new_uploads/6376b4e3-5bf4-4f63-bcea-daa93c8154a6_3_05-(2).png,https://compoundfoundry.s3-us-east-2.amazonaws.com/wrappingpaper/new_uploads/6376b4e3-5bf4-4f63-bcea-daa93c8154a6_6_011.png
https://compoundfoundry.s3.us-east-2.amazonaws.com/wrappingpaper/new_uploads/6de74baa-731c-46d3-a732-4bf1d7bff50d.png,6de74baa-731c-46d3-a732-4bf1d7bff50d,"Rogers, football, endzone, game, touchdown, sport, widereceiver",https://compoundfoundry.s3-us-east-2.amazonaws.com/wrappingpaper/new_uploads/6de74baa-731c-46d3-a732-4bf1d7bff50d_3_081_w.png,https://compoundfoundry.s3-us-east-2.amazonaws.com/wrappingpaper/new_uploads/6de74baa-731c-46d3-a732-4bf1d7bff50d_6_011.png
https://compoundfoundry.s3.us-east-2.amazonaws.com/wrappingpaper/new_uploads/4bc557fd-d89f-4d60-a568-2830a38efb22.png,4bc557fd-d89f-4d60-a568-2830a38efb22,"PennState, football, college, games, touchdown, sports, helmets, yellow, black",https://compoundfoundry.s3-us-east-2.amazonaws.com/wrappingpaper/new_uploads/4bc557fd-d89f-4d60-a568-2830a38efb22_3_081_w.png,https://compoundfoundry.s3-us-east-2.amazonaws.com/wrappingpaper/new_uploads/4bc557fd-d89f-4d60-a568-2830a38efb22_6_011.png
https://compoundfoundry.s3.us-east-2.amazonaws.com/wrappingpaper/new_uploads/b72e6a73-6ac6-45c7-b4a3-876a8a08e104.png,b72e6a73-6ac6-45c7-b4a3-876a8a08e104,"kitchen, tools, food, cooking, lunch, dinner, mom, eat",https://compoundfoundry.s3-us-east-2.amazonaws.com/wrappingpaper/new_uploads/b72e6a73-6ac6-45c7-b4a3-876a8a08e104_3_081_w.png,https://compoundfoundry.s3-us-east-2.amazonaws.com/wrappingpaper/new_uploads/b72e6a73-6ac6-45c7-b4a3-876a8a08e104_6_011.png
https://compoundfoundry.s3.us-east-2.amazonaws.com/wrappingpaper/new_uploads/1d1df77b-6a27-433a-b324-cc193870874a.png,1d1df77b-6a27-433a-b324-cc193870874a,"fish, trout, water, fishing, Forhim, catch, dad, summer, fall, game, sport, trout",https://compoundfoundry.s3-us-east-2.amazonaws.com/wrappingpaper/new_uploads/1d1df77b-6a27-433a-b324-cc193870874a_3_081_w.png,https://compoundfoundry.s3-us-east-2.amazonaws.com/wrappingpaper/new_uploads/1d1df77b-6a27-433a-b324-cc193870874a_6_011.png
https://compoundfoundry.s3.us-east-2.amazonaws.com/wrappingpaper/new_uploads/0ff33a1a-a3d5-440a-863e-bf9462cbe311.png,0ff33a1a-a3d5-440a-863e-bf9462cbe311,"tiger, Auburn, college, games, sports, football, roar, cat, animal",https://compoundfoundry.s3-us-east-2.amazonaws.com/wrappingpaper/new_uploads/0ff33a1a-a3d5-440a-863e-bf9462cbe311_3_051_w.png,https://compoundfoundry.s3-us-east-2.amazonaws.com/wrappingpaper/new_uploads/0ff33a1a-a3d5-440a-863e-bf9462cbe311_6_011.png
https://compoundfoundry.s3.us-east-2.amazonaws.com/wrappingpaper/new_uploads/b88ddc40-531a-46d0-a17c-5e92bc6b6677.png,b88ddc40-531a-46d0-a17c-5e92bc6b6677,"OleMiss, football, game, sports, college, southern, helmets",https://compoundfoundry.s3-us-east-2.amazonaws.com/wrappingpaper/new_uploads/b88ddc40-531a-46d0-a17c-5e92bc6b6677_3_081_w.png,https://compoundfoundry.s3-us-east-2.amazonaws.com/wrappingpaper/new_uploads/b88ddc40-531a-46d0-a17c-5e92bc6b6677_6_011.png
https://compoundfoundry.s3.us-east-2.amazonaws.com/wrappingpaper/new_uploads/767297e6-f1e6-44a8-a475-c0935386e036.png,767297e6-f1e6-44a8-a475-c0935386e036,"Texas, cattle, longhorn, bull, horns, animal, college, sports",https://compoundfoundry.s3-us-east-2.amazonaws.com/wrappingpaper/new_uploads/767297e6-f1e6-44a8-a475-c0935386e036_3_05-(2).png,https://compoundfoundry.s3-us-east-2.amazonaws.com/wrappingpaper/new_uploads/767297e6-f1e6-44a8-a475-c0935386e036_6_011.png
https://compoundfoundry.s3.us-east-2.amazonaws.com/wrappingpaper/new_uploads/61138432-ab94-47a1-a64a-2ef6cd5b4e53.png,61138432-ab94-47a1-a64a-2ef6cd5b4e53,"Michigan, football, helmets, college, sports, game",https://compoundfoundry.s3-us-east-2.amazonaws.com/wrappingpaper/new_uploads/61138432-ab94-47a1-a64a-2ef6cd5b4e53_3_051_w.png,https://compoundfoundry.s3-us-east-2.amazonaws.com/wrappingpaper/new_uploads/61138432-ab94-47a1-a64a-2ef6cd5b4e53_6_011.png
https://compoundfoundry.s3.us-east-2.amazonaws.com/wrappingpaper/new_uploads/11faf8f9-df0b-4abd-a5c5-abf9a589483f.png,11faf8f9-df0b-4abd-a5c5-abf9a589483f,"football, LSU, Louisiana, game, sports, tiger, roar, cat, animal",https://compoundfoundry.s3-us-east-2.amazonaws.com/wrappingpaper/new_uploads/11faf8f9-df0b-4abd-a5c5-abf9a589483f_3_081_w.png,https://compoundfoundry.s3-us-east-2.amazonaws.com/wrappingpaper/new_uploads/11faf8f9-df0b-4abd-a5c5-abf9a589483f_6_011.png
https://compoundfoundry.s3.us-east-2.amazonaws.com/wrappingpaper/new_uploads/5d2f0133-6648-48bc-86fc-599f0ef073a0.png,5d2f0133-6648-48bc-86fc-599f0ef073a0,"Mississipi, dog, animal, bulldog, football, mascot, maroon, game, sports",https://compoundfoundry.s3-us-east-2.amazonaws.com/wrappingpaper/new_uploads/5d2f0133-6648-48bc-86fc-599f0ef073a0_3_051_w.png,https://compoundfoundry.s3-us-east-2.amazonaws.com/wrappingpaper/new_uploads/5d2f0133-6648-48bc-86fc-599f0ef073a0_6_011.png
https://compoundfoundry.s3.us-east-2.amazonaws.com/wrappingpaper/new_uploads/473c6189-1ac2-4f8b-a399-c3e3c806d6d0.png,473c6189-1ac2-4f8b-a399-c3e3c806d6d0,"roar, mascot, Missouri, Tiger, football, college, sport, game, touchdown",https://compoundfoundry.s3-us-east-2.amazonaws.com/wrappingpaper/new_uploads/473c6189-1ac2-4f8b-a399-c3e3c806d6d0_3_05-(2).png,https://compoundfoundry.s3-us-east-2.amazonaws.com/wrappingpaper/new_uploads/473c6189-1ac2-4f8b-a399-c3e3c806d6d0_6_011.png
https://compoundfoundry.s3.us-east-2.amazonaws.com/wrappingpaper/new_uploads/f8e95a26-b365-4568-ae1e-2d1a6c4fd6a9.png,f8e95a26-b365-4568-ae1e-2d1a6c4fd6a9,"Vanderbilt, nashville, college, football, game, sports, star",https://compoundfoundry.s3-us-east-2.amazonaws.com/wrappingpaper/new_uploads/f8e95a26-b365-4568-ae1e-2d1a6c4fd6a9_3_051_w.png,https://compoundfoundry.s3-us-east-2.amazonaws.com/wrappingpaper/new_uploads/f8e95a26-b365-4568-ae1e-2d1a6c4fd6a9_6_011.png
https://compoundfoundry.s3.us-east-2.amazonaws.com/wrappingpaper/new_uploads/dd6fcf65-14f1-4ae6-9267-9d709dbc4af4.png,dd6fcf65-14f1-4ae6-9267-9d709dbc4af4,"football, game, sport, college, touchdown, endzone",https://compoundfoundry.s3-us-east-2.amazonaws.com/wrappingpaper/new_uploads/dd6fcf65-14f1-4ae6-9267-9d709dbc4af4_3_081_w.png,https://compoundfoundry.s3-us-east-2.amazonaws.com/wrappingpaper/new_uploads/dd6fcf65-14f1-4ae6-9267-9d709dbc4af4_6_011.png
https://compoundfoundry.s3.us-east-2.amazonaws.com/wrappingpaper/new_uploads/33dd2ff0-c0ec-47c1-b5a8-ebc6c2f5ec1e.png,33dd2ff0-c0ec-47c1-b5a8-ebc6c2f5ec1e,"Bentonville, game, sports, Football, helmets, touchdown, endzone",https://compoundfoundry.s3-us-east-2.amazonaws.com/wrappingpaper/new_uploads/33dd2ff0-c0ec-47c1-b5a8-ebc6c2f5ec1e_3_051_w.png,https://compoundfoundry.s3-us-east-2.amazonaws.com/wrappingpaper/new_uploads/33dd2ff0-c0ec-47c1-b5a8-ebc6c2f5ec1e_6_011.png
https://compoundfoundry.s3.us-east-2.amazonaws.com/wrappingpaper/new_uploads/42a332da-b5e2-41bf-a87d-b9d46c009677.png,42a332da-b5e2-41bf-a87d-b9d46c009677,"College, game, sport, football, helmet, team, touchdown",https://compoundfoundry.s3-us-east-2.amazonaws.com/wrappingpaper/new_uploads/42a332da-b5e2-41bf-a87d-b9d46c009677_3_051_w.png,https://compoundfoundry.s3-us-east-2.amazonaws.com/wrappingpaper/new_uploads/42a332da-b5e2-41bf-a87d-b9d46c009677_6_011.png
https://compoundfoundry.s3.us-east-2.amazonaws.com/wrappingpaper/new_uploads/45785880-7abe-44ce-bbc9-69e9470882ff.png,45785880-7abe-44ce-bbc9-69e9470882ff,"Carolina, NorthCarolina, football, game, sports, college, kickoff, endzone, helmets",https://compoundfoundry.s3-us-east-2.amazonaws.com/wrappingpaper/new_uploads/45785880-7abe-44ce-bbc9-69e9470882ff_3_081_w.png,https://compoundfoundry.s3-us-east-2.amazonaws.com/wrappingpaper/new_uploads/45785880-7abe-44ce-bbc9-69e9470882ff_6_011.png
https://compoundfoundry.s3.us-east-2.amazonaws.com/wrappingpaper/new_uploads/f5706a5b-e9e6-421a-9ce4-a78d7ed3e69b.png,f5706a5b-e9e6-421a-9ce4-a78d7ed3e69b,"sea, fish, water, ocean, fishing, marlin, swords",https://compoundfoundry.s3-us-east-2.amazonaws.com/wrappingpaper/new_uploads/f5706a5b-e9e6-421a-9ce4-a78d7ed3e69b_3_081_w.png,https://compoundfoundry.s3-us-east-2.amazonaws.com/wrappingpaper/new_uploads/f5706a5b-e9e6-421a-9ce4-a78d7ed3e69b_6_011.png
https://compoundfoundry.s3.us-east-2.amazonaws.com/wrappingpaper/new_uploads/ef118703-5bde-4297-8775-10fab0ed37c5.png,ef118703-5bde-4297-8775-10fab0ed37c5,"football, Oxford, OleMiss, college, team, game, sport, tailgate, party, celebration",https://compoundfoundry.s3-us-east-2.amazonaws.com/wrappingpaper/new_uploads/ef118703-5bde-4297-8775-10fab0ed37c5_3_081_w.png,https://compoundfoundry.s3-us-east-2.amazonaws.com/wrappingpaper/new_uploads/ef118703-5bde-4297-8775-10fab0ed37c5_6_011.png
https://compoundfoundry.s3.us-east-2.amazonaws.com/wrappingpaper/new_uploads/32d4bd27-d64f-41ce-91a7-a4b50a672d9e.png,32d4bd27-d64f-41ce-91a7-a4b50a672d9e,"hunting, mallard, waterfoul, duck, animal, bird",https://compoundfoundry.s3-us-east-2.amazonaws.com/wrappingpaper/new_uploads/32d4bd27-d64f-41ce-91a7-a4b50a672d9e_3_051_w.png,https://compoundfoundry.s3-us-east-2.amazonaws.com/wrappingpaper/new_uploads/32d4bd27-d64f-41ce-91a7-a4b50a672d9e_6_011.png
https://compoundfoundry.s3.us-east-2.amazonaws.com/wrappingpaper/new_uploads/99c0d134-9027-4f88-b57f-2e1e13ec09af.png,99c0d134-9027-4f88-b57f-2e1e13ec09af,"Razorbacks, Arkansas, college, football, game, sports, tailgate, touchdown, animal, hog",https://compoundfoundry.s3-us-east-2.amazonaws.com/wrappingpaper/new_uploads/99c0d134-9027-4f88-b57f-2e1e13ec09af_3_05-(2).png,https://compoundfoundry.s3-us-east-2.amazonaws.com/wrappingpaper/new_uploads/99c0d134-9027-4f88-b57f-2e1e13ec09af_6_011.png
https://compoundfoundry.s3.us-east-2.amazonaws.com/wrappingpaper/new_uploads/73d33263-a80e-4cfd-9436-dfa05e0bffc0.png,73d33263-a80e-4cfd-9436-dfa05e0bffc0,"SouthCarolina, gamecock, football, team, sport, games, college",https://compoundfoundry.s3-us-east-2.amazonaws.com/wrappingpaper/new_uploads/73d33263-a80e-4cfd-9436-dfa05e0bffc0_3_081_w.png,https://compoundfoundry.s3-us-east-2.amazonaws.com/wrappingpaper/new_uploads/73d33263-a80e-4cfd-9436-dfa05e0bffc0_6_011.png
https://compoundfoundry.s3.us-east-2.amazonaws.com/wrappingpaper/new_uploads/ca57cd28-f9b3-4369-87be-0e95c06b5ae1.png,ca57cd28-f9b3-4369-87be-0e95c06b5ae1,"highheels, glamour, girl, woman, beauty, fashion, shoes, dress",https://compoundfoundry.s3-us-east-2.amazonaws.com/wrappingpaper/new_uploads/ca57cd28-f9b3-4369-87be-0e95c06b5ae1_3_051_w.png,https://compoundfoundry.s3-us-east-2.amazonaws.com/wrappingpaper/new_uploads/ca57cd28-f9b3-4369-87be-0e95c06b5ae1_6_011.png
https://compoundfoundry.s3.us-east-2.amazonaws.com/wrappingpaper/new_uploads/6b957c6d-03d9-40c6-af62-8f86528b8b6c.png,6b957c6d-03d9-40c6-af62-8f86528b8b6c,"Labradoodle, dog, black, animal, pet",https://compoundfoundry.s3-us-east-2.amazonaws.com/wrappingpaper/new_uploads/6b957c6d-03d9-40c6-af62-8f86528b8b6c_3_081_w.png,https://compoundfoundry.s3-us-east-2.amazonaws.com/wrappingpaper/new_uploads/6b957c6d-03d9-40c6-af62-8f86528b8b6c_6_011.png
https://compoundfoundry.s3.us-east-2.amazonaws.com/wrappingpaper/new_uploads/1c36678d-ad6d-4fc0-b32b-25f687443cd8.png,1c36678d-ad6d-4fc0-b32b-25f687443cd8,"Doodle, Labradoodle, dog, animal, pet",https://compoundfoundry.s3-us-east-2.amazonaws.com/wrappingpaper/new_uploads/1c36678d-ad6d-4fc0-b32b-25f687443cd8_3_05-(2).png,https://compoundfoundry.s3-us-east-2.amazonaws.com/wrappingpaper/new_uploads/1c36678d-ad6d-4fc0-b32b-25f687443cd8_6_011.png
https://compoundfoundry.s3.us-east-2.amazonaws.com/wrappingpaper/new_uploads/eaf2f415-25c4-43e3-b29f-899010789e18.png,eaf2f415-25c4-43e3-b29f-899010789e18,"Santa, desert, Arizona, hot, sunshine, cactus, Christmas, holidays",https://compoundfoundry.s3-us-east-2.amazonaws.com/wrappingpaper/new_uploads/eaf2f415-25c4-43e3-b29f-899010789e18_3_05-(2).png,https://compoundfoundry.s3-us-east-2.amazonaws.com/wrappingpaper/new_uploads/eaf2f415-25c4-43e3-b29f-899010789e18_6_011.png
https://compoundfoundry.s3.us-east-2.amazonaws.com/wrappingpaper/new_uploads/f26265db-50c2-495d-afbf-282bb8b76b2f.png,f26265db-50c2-495d-afbf-282bb8b76b2f,"Santa, boat, Holiday, Christmas, Speed boat",https://compoundfoundry.s3-us-east-2.amazonaws.com/wrappingpaper/new_uploads/f26265db-50c2-495d-afbf-282bb8b76b2f_3_05-(2).png,https://compoundfoundry.s3-us-east-2.amazonaws.com/wrappingpaper/new_uploads/f26265db-50c2-495d-afbf-282bb8b76b2f_6_011.png
https://compoundfoundry.s3.us-east-2.amazonaws.com/wrappingpaper/new_uploads/1bc23a69-9130-447e-95e9-89829766f351.png,1bc23a69-9130-447e-95e9-89829766f351,"snow, farmhouse, winter, Christmas, holiday, cottage",https://compoundfoundry.s3-us-east-2.amazonaws.com/wrappingpaper/new_uploads/1bc23a69-9130-447e-95e9-89829766f351_3_051_w.png,https://compoundfoundry.s3-us-east-2.amazonaws.com/wrappingpaper/new_uploads/1bc23a69-9130-447e-95e9-89829766f351_6_011.png
https://compoundfoundry.s3.us-east-2.amazonaws.com/wrappingpaper/new_uploads/14a89b54-02af-4c6e-b4ca-7f9df6d6b587.png,14a89b54-02af-4c6e-b4ca-7f9df6d6b587,"Tarten, plaid, Christmas, colors, holiday",https://compoundfoundry.s3-us-east-2.amazonaws.com/wrappingpaper/new_uploads/14a89b54-02af-4c6e-b4ca-7f9df6d6b587_3_051_w.png,https://compoundfoundry.s3-us-east-2.amazonaws.com/wrappingpaper/new_uploads/14a89b54-02af-4c6e-b4ca-7f9df6d6b587_6_011.png
https://compoundfoundry.s3.us-east-2.amazonaws.com/wrappingpaper/new_uploads/0a3228a9-f94a-4533-ad30-fcf519eb2e58.png,0a3228a9-f94a-4533-ad30-fcf519eb2e58,"Tarten, Plaid, red, Christmas, holiday",https://compoundfoundry.s3-us-east-2.amazonaws.com/wrappingpaper/new_uploads/0a3228a9-f94a-4533-ad30-fcf519eb2e58_3_051_w.png,https://compoundfoundry.s3-us-east-2.amazonaws.com/wrappingpaper/new_uploads/0a3228a9-f94a-4533-ad30-fcf519eb2e58_6_011.png
https://compoundfoundry.s3.us-east-2.amazonaws.com/wrappingpaper/new_uploads/f1f29478-d384-4ff4-b074-14414ae35561.png,f1f29478-d384-4ff4-b074-14414ae35561,"Halloween, holiday, witches, orange",https://compoundfoundry.s3-us-east-2.amazonaws.com/wrappingpaper/new_uploads/f1f29478-d384-4ff4-b074-14414ae35561_3_081_w.png,https://compoundfoundry.s3-us-east-2.amazonaws.com/wrappingpaper/new_uploads/f1f29478-d384-4ff4-b074-14414ae35561_6_011.png
https://compoundfoundry.s3.us-east-2.amazonaws.com/wrappingpaper/new_uploads/56778f71-b114-498d-9ac9-aa1d5298f988.png,56778f71-b114-498d-9ac9-aa1d5298f988,"bulldog, dog, animal, pet",https://compoundfoundry.s3-us-east-2.amazonaws.com/wrappingpaper/new_uploads/56778f71-b114-498d-9ac9-aa1d5298f988_3_081_w.png,https://compoundfoundry.s3-us-east-2.amazonaws.com/wrappingpaper/new_uploads/56778f71-b114-498d-9ac9-aa1d5298f988_6_011.png
https://compoundfoundry.s3.us-east-2.amazonaws.com/wrappingpaper/new_uploads/44e3d6c5-5ec7-4ad2-98f7-e82f83fcc6d8.png,44e3d6c5-5ec7-4ad2-98f7-e82f83fcc6d8,"bulldog, dog, snow, animal, pet",https://compoundfoundry.s3-us-east-2.amazonaws.com/wrappingpaper/new_uploads/44e3d6c5-5ec7-4ad2-98f7-e82f83fcc6d8_3_081_w.png,https://compoundfoundry.s3-us-east-2.amazonaws.com/wrappingpaper/new_uploads/44e3d6c5-5ec7-4ad2-98f7-e82f83fcc6d8_6_011.png
https://compoundfoundry.s3.us-east-2.amazonaws.com/wrappingpaper/new_uploads/286b2e1f-1cc0-45cc-affb-2d271158b4b6.png,286b2e1f-1cc0-45cc-affb-2d271158b4b6,"santa, football, jolly, game, sports",https://compoundfoundry.s3-us-east-2.amazonaws.com/wrappingpaper/new_uploads/286b2e1f-1cc0-45cc-affb-2d271158b4b6_3_051_w.png,https://compoundfoundry.s3-us-east-2.amazonaws.com/wrappingpaper/new_uploads/286b2e1f-1cc0-45cc-affb-2d271158b4b6_6_011.png
https://compoundfoundry.s3.us-east-2.amazonaws.com/wrappingpaper/new_uploads/22b5bd0d-fa96-40cb-b6f4-0966daf66bd3.png,22b5bd0d-fa96-40cb-b6f4-0966daf66bd3,"santa, racecar, speed, Christmas, holiday",https://compoundfoundry.s3-us-east-2.amazonaws.com/wrappingpaper/new_uploads/22b5bd0d-fa96-40cb-b6f4-0966daf66bd3_3_051_w.png,https://compoundfoundry.s3-us-east-2.amazonaws.com/wrappingpaper/new_uploads/22b5bd0d-fa96-40cb-b6f4-0966daf66bd3_6_011.png
https://compoundfoundry.s3.us-east-2.amazonaws.com/wrappingpaper/new_uploads/6233a620-bec0-48d6-ac4d-f2bfa7275bc3.png,6233a620-bec0-48d6-ac4d-f2bfa7275bc3,"Santa, basketball, sports, games, ball, Christmas, holiday",https://compoundfoundry.s3-us-east-2.amazonaws.com/wrappingpaper/new_uploads/6233a620-bec0-48d6-ac4d-f2bfa7275bc3_3_051_w.png,https://compoundfoundry.s3-us-east-2.amazonaws.com/wrappingpaper/new_uploads/6233a620-bec0-48d6-ac4d-f2bfa7275bc3_6_011.png
https://compoundfoundry.s3.us-east-2.amazonaws.com/wrappingpaper/new_uploads/418def3d-22a1-4778-8a92-ea2cf5cde839.png,418def3d-22a1-4778-8a92-ea2cf5cde839,"Santa, Christmas, horse, saddle, Holiday, trotting, sport, holly",https://compoundfoundry.s3-us-east-2.amazonaws.com/wrappingpaper/new_uploads/418def3d-22a1-4778-8a92-ea2cf5cde839_3_05-(2).png,https://compoundfoundry.s3-us-east-2.amazonaws.com/wrappingpaper/new_uploads/418def3d-22a1-4778-8a92-ea2cf5cde839_6_011.png
https://compoundfoundry.s3.us-east-2.amazonaws.com/wrappingpaper/new_uploads/50ffe124-0e16-4f38-b1a0-3440021b90d8.png,50ffe124-0e16-4f38-b1a0-3440021b90d8,"Santa, Cactus, Holiday, Christmas, celebrate",https://compoundfoundry.s3-us-east-2.amazonaws.com/wrappingpaper/new_uploads/50ffe124-0e16-4f38-b1a0-3440021b90d8_3_081_w.png,https://compoundfoundry.s3-us-east-2.amazonaws.com/wrappingpaper/new_uploads/50ffe124-0e16-4f38-b1a0-3440021b90d8_6_011.png
https://compoundfoundry.s3.us-east-2.amazonaws.com/wrappingpaper/new_uploads/7505fe71-b074-443e-9e24-339a71979eb0.png,7505fe71-b074-443e-9e24-339a71979eb0,"atv, fourwheeler, santa, outdoor, sport",https://compoundfoundry.s3-us-east-2.amazonaws.com/wrappingpaper/new_uploads/7505fe71-b074-443e-9e24-339a71979eb0_3_051_w.png,https://compoundfoundry.s3-us-east-2.amazonaws.com/wrappingpaper/new_uploads/7505fe71-b074-443e-9e24-339a71979eb0_6_011.png
https://compoundfoundry.s3.us-east-2.amazonaws.com/wrappingpaper/new_uploads/ae9a7b67-41d0-4789-aebe-010fc881f698.png,ae9a7b67-41d0-4789-aebe-010fc881f698,"Santa, banjo, guitar, music, Christmas, holiday, sing, melody",https://compoundfoundry.s3-us-east-2.amazonaws.com/wrappingpaper/new_uploads/ae9a7b67-41d0-4789-aebe-010fc881f698_3_081_w.png,https://compoundfoundry.s3-us-east-2.amazonaws.com/wrappingpaper/new_uploads/ae9a7b67-41d0-4789-aebe-010fc881f698_6_011.png
https://compoundfoundry.s3.us-east-2.amazonaws.com/wrappingpaper/new_uploads/42d5b6a6-8297-4eb9-994e-88a1b868271d.png,42d5b6a6-8297-4eb9-994e-88a1b868271d,"Santa, Christmas, holiday, cowboy, spurs, rustic, western, yeehaw",https://compoundfoundry.s3-us-east-2.amazonaws.com/wrappingpaper/new_uploads/42d5b6a6-8297-4eb9-994e-88a1b868271d_3_05-(2).png,https://compoundfoundry.s3-us-east-2.amazonaws.com/wrappingpaper/new_uploads/42d5b6a6-8297-4eb9-994e-88a1b868271d_6_011.png
https://compoundfoundry.s3.us-east-2.amazonaws.com/wrappingpaper/new_uploads/eebeaca6-1836-42ba-80ca-83493ed072ad.png,eebeaca6-1836-42ba-80ca-83493ed072ad,"Santa, rowboat, Christmas, holiday, water, sport",https://compoundfoundry.s3-us-east-2.amazonaws.com/wrappingpaper/new_uploads/eebeaca6-1836-42ba-80ca-83493ed072ad_3_051_w.png,https://compoundfoundry.s3-us-east-2.amazonaws.com/wrappingpaper/new_uploads/eebeaca6-1836-42ba-80ca-83493ed072ad_6_011.png
https://compoundfoundry.s3.us-east-2.amazonaws.com/wrappingpaper/new_uploads/0dedfebd-dd4c-47e1-acc4-1912860f849c.png,0dedfebd-dd4c-47e1-acc4-1912860f849c,"Scottie, ScottishTerrier, dog, animal, winter, Christmas, holiday",https://compoundfoundry.s3-us-east-2.amazonaws.com/wrappingpaper/new_uploads/0dedfebd-dd4c-47e1-acc4-1912860f849c_3_05-(2).png,https://compoundfoundry.s3-us-east-2.amazonaws.com/wrappingpaper/new_uploads/0dedfebd-dd4c-47e1-acc4-1912860f849c_6_011.png
https://compoundfoundry.s3.us-east-2.amazonaws.com/wrappingpaper/new_uploads/311d0bb7-a9c6-408e-a740-3a4ccaff7783.png,311d0bb7-a9c6-408e-a740-3a4ccaff7783,"peace, angels, Christmas, heaven, God, spirit, holiday",https://compoundfoundry.s3-us-east-2.amazonaws.com/wrappingpaper/new_uploads/311d0bb7-a9c6-408e-a740-3a4ccaff7783_3_081_w.png,https://compoundfoundry.s3-us-east-2.amazonaws.com/wrappingpaper/new_uploads/311d0bb7-a9c6-408e-a740-3a4ccaff7783_6_011.png
https://compoundfoundry.s3.us-east-2.amazonaws.com/wrappingpaper/new_uploads/941bc4c6-585c-4f34-961a-4dcac2b4bf5a.png,941bc4c6-585c-4f34-961a-4dcac2b4bf5a,"santa, snow, skiing, winter, sport, ski, Christmas, holiday",https://compoundfoundry.s3-us-east-2.amazonaws.com/wrappingpaper/new_uploads/941bc4c6-585c-4f34-961a-4dcac2b4bf5a_3_051_w.png,https://compoundfoundry.s3-us-east-2.amazonaws.com/wrappingpaper/new_uploads/941bc4c6-585c-4f34-961a-4dcac2b4bf5a_6_011.png
https://compoundfoundry.s3.us-east-2.amazonaws.com/wrappingpaper/new_uploads/7478fc5a-881a-4a08-8bac-9bf220d30468.png,7478fc5a-881a-4a08-8bac-9bf220d30468,"Santa, racecar, Christmas, holiday, car",https://compoundfoundry.s3-us-east-2.amazonaws.com/wrappingpaper/new_uploads/7478fc5a-881a-4a08-8bac-9bf220d30468_3_081_w.png,https://compoundfoundry.s3-us-east-2.amazonaws.com/wrappingpaper/new_uploads/7478fc5a-881a-4a08-8bac-9bf220d30468_6_011.png
https://compoundfoundry.s3.us-east-2.amazonaws.com/wrappingpaper/new_uploads/d7e532f9-9e61-41d5-ba3c-cfeae8efea40.png,d7e532f9-9e61-41d5-ba3c-cfeae8efea40,"Santa, sleigh, snow, christmas, holiday",https://compoundfoundry.s3-us-east-2.amazonaws.com/wrappingpaper/new_uploads/d7e532f9-9e61-41d5-ba3c-cfeae8efea40_3_051_w.png,https://compoundfoundry.s3-us-east-2.amazonaws.com/wrappingpaper/new_uploads/d7e532f9-9e61-41d5-ba3c-cfeae8efea40_6_011.png
https://compoundfoundry.s3.us-east-2.amazonaws.com/wrappingpaper/new_uploads/8542efa8-ffc4-4382-9b8d-c8faf7cf9686.png,8542efa8-ffc4-4382-9b8d-c8faf7cf9686,"StBernard, dog, animal, winter, snow, Christmas, Holiday",https://compoundfoundry.s3-us-east-2.amazonaws.com/wrappingpaper/new_uploads/8542efa8-ffc4-4382-9b8d-c8faf7cf9686_3_051_w.png,https://compoundfoundry.s3-us-east-2.amazonaws.com/wrappingpaper/new_uploads/8542efa8-ffc4-4382-9b8d-c8faf7cf9686_6_011.png
https://compoundfoundry.s3.us-east-2.amazonaws.com/wrappingpaper/new_uploads/f4d02056-4557-43fe-9df2-74c257831895.png,f4d02056-4557-43fe-9df2-74c257831895,"Santa, soccer, ball, sport, Christmas, holiday",https://compoundfoundry.s3-us-east-2.amazonaws.com/wrappingpaper/new_uploads/f4d02056-4557-43fe-9df2-74c257831895_3_051_w.png,https://compoundfoundry.s3-us-east-2.amazonaws.com/wrappingpaper/new_uploads/f4d02056-4557-43fe-9df2-74c257831895_6_011.png
https://compoundfoundry.s3.us-east-2.amazonaws.com/wrappingpaper/new_uploads/8dd451b3-0430-461f-bcf2-76aca58cc3c3.png,8dd451b3-0430-461f-bcf2-76aca58cc3c3,"Santa, Christmas, holiday, vintage",https://compoundfoundry.s3-us-east-2.amazonaws.com/wrappingpaper/new_uploads/8dd451b3-0430-461f-bcf2-76aca58cc3c3_3_051_w.png,https://compoundfoundry.s3-us-east-2.amazonaws.com/wrappingpaper/new_uploads/8dd451b3-0430-461f-bcf2-76aca58cc3c3_6_011.png
https://compoundfoundry.s3.us-east-2.amazonaws.com/wrappingpaper/new_uploads/4d351c54-f275-458d-b22c-e94427f92e1d.png,4d351c54-f275-458d-b22c-e94427f92e1d,"plaid, tarten, Christmas, holiday",https://compoundfoundry.s3-us-east-2.amazonaws.com/wrappingpaper/new_uploads/4d351c54-f275-458d-b22c-e94427f92e1d_3_051_w.png,https://compoundfoundry.s3-us-east-2.amazonaws.com/wrappingpaper/new_uploads/4d351c54-f275-458d-b22c-e94427f92e1d_6_011.png
https://compoundfoundry.s3.us-east-2.amazonaws.com/wrappingpaper/new_uploads/fc1d1916-b742-467c-ba67-5dd8f516531f.png,fc1d1916-b742-467c-ba67-5dd8f516531f,"witches, witch, spooky, October, halloween",https://compoundfoundry.s3-us-east-2.amazonaws.com/wrappingpaper/new_uploads/fc1d1916-b742-467c-ba67-5dd8f516531f_3_081_w.png,https://compoundfoundry.s3-us-east-2.amazonaws.com/wrappingpaper/new_uploads/fc1d1916-b742-467c-ba67-5dd8f516531f_6_011.png
https://compoundfoundry.s3.us-east-2.amazonaws.com/wrappingpaper/new_uploads/6fba5ccd-571f-45b6-bd7a-8f0a3efe3d6d.png,6fba5ccd-571f-45b6-bd7a-8f0a3efe3d6d,"Santa, camo, hunting, Christmas, Holiday",https://compoundfoundry.s3-us-east-2.amazonaws.com/wrappingpaper/new_uploads/6fba5ccd-571f-45b6-bd7a-8f0a3efe3d6d_3_081_w.png,https://compoundfoundry.s3-us-east-2.amazonaws.com/wrappingpaper/new_uploads/6fba5ccd-571f-45b6-bd7a-8f0a3efe3d6d_6_011.png
https://compoundfoundry.s3.us-east-2.amazonaws.com/wrappingpaper/new_uploads/68f2454c-392f-442b-abed-705edebeebc1.png,68f2454c-392f-442b-abed-705edebeebc1,"santa, horse, horseback, christmas, holiday, sport",https://compoundfoundry.s3-us-east-2.amazonaws.com/wrappingpaper/new_uploads/68f2454c-392f-442b-abed-705edebeebc1_3_05-(2).png,https://compoundfoundry.s3-us-east-2.amazonaws.com/wrappingpaper/new_uploads/68f2454c-392f-442b-abed-705edebeebc1_6_011.png
https://compoundfoundry.s3.us-east-2.amazonaws.com/wrappingpaper/new_uploads/00135c24-4a76-47e8-bcde-af15e9ead4d0.png,00135c24-4a76-47e8-bcde-af15e9ead4d0,"santa, dog, puppy, pet, christmas, holiday",https://compoundfoundry.s3-us-east-2.amazonaws.com/wrappingpaper/new_uploads/00135c24-4a76-47e8-bcde-af15e9ead4d0_3_051_w.png,https://compoundfoundry.s3-us-east-2.amazonaws.com/wrappingpaper/new_uploads/00135c24-4a76-47e8-bcde-af15e9ead4d0_6_011.png
https://compoundfoundry.s3.us-east-2.amazonaws.com/wrappingpaper/new_uploads/4b0efb07-1439-493c-8437-6544aed56602.png,4b0efb07-1439-493c-8437-6544aed56602,"Santa, iceskating, icerink, sport, snow, Christmas, holiday, winter",https://compoundfoundry.s3-us-east-2.amazonaws.com/wrappingpaper/new_uploads/4b0efb07-1439-493c-8437-6544aed56602_3_05-(2).png,https://compoundfoundry.s3-us-east-2.amazonaws.com/wrappingpaper/new_uploads/4b0efb07-1439-493c-8437-6544aed56602_6_011.png
https://compoundfoundry.s3.us-east-2.amazonaws.com/wrappingpaper/new_uploads/00424945-adda-4176-82a2-a27fdee3bcdb.png,00424945-adda-4176-82a2-a27fdee3bcdb,"tropcial, palmtrees, santa, holiday, warmweather, Christmas",https://compoundfoundry.s3-us-east-2.amazonaws.com/wrappingpaper/new_uploads/00424945-adda-4176-82a2-a27fdee3bcdb_3_05-(2).png,https://compoundfoundry.s3-us-east-2.amazonaws.com/wrappingpaper/new_uploads/00424945-adda-4176-82a2-a27fdee3bcdb_6_011.png
https://compoundfoundry.s3.us-east-2.amazonaws.com/wrappingpaper/new_uploads/1be787f2-d35c-4a4b-b2c4-3593979935d6.png,1be787f2-d35c-4a4b-b2c4-3593979935d6,"scottie, Christmas, holiday, winter, dog, animal",https://compoundfoundry.s3-us-east-2.amazonaws.com/wrappingpaper/new_uploads/1be787f2-d35c-4a4b-b2c4-3593979935d6_3_05-(2).png,https://compoundfoundry.s3-us-east-2.amazonaws.com/wrappingpaper/new_uploads/1be787f2-d35c-4a4b-b2c4-3593979935d6_6_011.png
https://compoundfoundry.s3.us-east-2.amazonaws.com/wrappingpaper/new_uploads/990ab569-d22d-4a84-878a-0e4aa4aecc60.png,990ab569-d22d-4a84-878a-0e4aa4aecc60,"pickle, Christmas, holiday, food, holly",https://compoundfoundry.s3-us-east-2.amazonaws.com/wrappingpaper/new_uploads/990ab569-d22d-4a84-878a-0e4aa4aecc60_3_051_w.png,https://compoundfoundry.s3-us-east-2.amazonaws.com/wrappingpaper/new_uploads/990ab569-d22d-4a84-878a-0e4aa4aecc60_6_011.png
https://compoundfoundry.s3.us-east-2.amazonaws.com/wrappingpaper/new_uploads/f1172ecb-c8c6-4684-a3fd-a844c55126e8.png,f1172ecb-c8c6-4684-a3fd-a844c55126e8,"Santa, tennis, Christmas, cheer, holiday, game, sport",https://compoundfoundry.s3-us-east-2.amazonaws.com/wrappingpaper/new_uploads/f1172ecb-c8c6-4684-a3fd-a844c55126e8_3_05-(2).png,https://compoundfoundry.s3-us-east-2.amazonaws.com/wrappingpaper/new_uploads/f1172ecb-c8c6-4684-a3fd-a844c55126e8_6_011.png
https://compoundfoundry.s3.us-east-2.amazonaws.com/wrappingpaper/new_uploads/b5435374-7490-4206-b32c-9967995bb447.png,b5435374-7490-4206-b32c-9967995bb447,"angels, Christmas, holiday, music, trumpet, instrument",https://compoundfoundry.s3-us-east-2.amazonaws.com/wrappingpaper/new_uploads/b5435374-7490-4206-b32c-9967995bb447_3_051_w.png,https://compoundfoundry.s3-us-east-2.amazonaws.com/wrappingpaper/new_uploads/b5435374-7490-4206-b32c-9967995bb447_6_011.png
https://compoundfoundry.s3.us-east-2.amazonaws.com/wrappingpaper/new_uploads/5a8241ae-9276-4a7d-ab49-be71f9daae86.png,5a8241ae-9276-4a7d-ab49-be71f9daae86,"Santa, baseball, sport, game, Christmas, holiday",https://compoundfoundry.s3-us-east-2.amazonaws.com/wrappingpaper/new_uploads/5a8241ae-9276-4a7d-ab49-be71f9daae86_3_051_w.png,https://compoundfoundry.s3-us-east-2.amazonaws.com/wrappingpaper/new_uploads/5a8241ae-9276-4a7d-ab49-be71f9daae86_6_011.png
https://compoundfoundry.s3.us-east-2.amazonaws.com/wrappingpaper/new_uploads/344f9838-4a48-4c35-abc6-65e929f67bf8.png,344f9838-4a48-4c35-abc6-65e929f67bf8,"ducks, mallards, Christmas, holiday, hunting, game",https://compoundfoundry.s3-us-east-2.amazonaws.com/wrappingpaper/new_uploads/344f9838-4a48-4c35-abc6-65e929f67bf8_3_051_w.png,https://compoundfoundry.s3-us-east-2.amazonaws.com/wrappingpaper/new_uploads/344f9838-4a48-4c35-abc6-65e929f67bf8_6_011.png
https://compoundfoundry.s3.us-east-2.amazonaws.com/wrappingpaper/new_uploads/b48c3bbd-b001-4ad9-8463-76ee30eb6e75.png,b48c3bbd-b001-4ad9-8463-76ee30eb6e75,"santa, flyfishing, sport, holiday, Christmas, fish, trout",https://compoundfoundry.s3-us-east-2.amazonaws.com/wrappingpaper/new_uploads/b48c3bbd-b001-4ad9-8463-76ee30eb6e75_3_05-(2).png,https://compoundfoundry.s3-us-east-2.amazonaws.com/wrappingpaper/new_uploads/b48c3bbd-b001-4ad9-8463-76ee30eb6e75_6_011.png
https://compoundfoundry.s3.us-east-2.amazonaws.com/wrappingpaper/new_uploads/623c3195-c2e5-4dfa-872c-895a1fbcdc5b.png,623c3195-c2e5-4dfa-872c-895a1fbcdc5b,"maltese, puppy, dog, pup, animal",https://compoundfoundry.s3-us-east-2.amazonaws.com/wrappingpaper/new_uploads/623c3195-c2e5-4dfa-872c-895a1fbcdc5b_3_081_w.png,https://compoundfoundry.s3-us-east-2.amazonaws.com/wrappingpaper/new_uploads/623c3195-c2e5-4dfa-872c-895a1fbcdc5b_6_011.png
https://compoundfoundry.s3.us-east-2.amazonaws.com/wrappingpaper/new_uploads/eb6a7f4f-d7f7-4165-9b5d-6ccc98ff9107.png,eb6a7f4f-d7f7-4165-9b5d-6ccc98ff9107,"bats, halloween, spooky, animals, scary",https://compoundfoundry.s3-us-east-2.amazonaws.com/wrappingpaper/new_uploads/eb6a7f4f-d7f7-4165-9b5d-6ccc98ff9107_3_05-(2).png,https://compoundfoundry.s3-us-east-2.amazonaws.com/wrappingpaper/new_uploads/eb6a7f4f-d7f7-4165-9b5d-6ccc98ff9107_6_011.png
https://compoundfoundry.s3.us-east-2.amazonaws.com/wrappingpaper/new_uploads/d273d311-64d9-4afd-836e-d412d5be4d9b.png,d273d311-64d9-4afd-836e-d412d5be4d9b,"dashhound, weinerdogs, dog, dogs, animal, Christmas, holiday",https://compoundfoundry.s3-us-east-2.amazonaws.com/wrappingpaper/new_uploads/d273d311-64d9-4afd-836e-d412d5be4d9b_3_05-(2).png,https://compoundfoundry.s3-us-east-2.amazonaws.com/wrappingpaper/new_uploads/d273d311-64d9-4afd-836e-d412d5be4d9b_6_011.png
https://compoundfoundry.s3.us-east-2.amazonaws.com/wrappingpaper/new_uploads/449410ca-344b-41ae-94dc-4e858ad61ee7.png,449410ca-344b-41ae-94dc-4e858ad61ee7,"Bernesemountaindog, dog, puppy, animal, pet, christmas, holiday",https://compoundfoundry.s3-us-east-2.amazonaws.com/wrappingpaper/new_uploads/449410ca-344b-41ae-94dc-4e858ad61ee7_3_05-(2).png,https://compoundfoundry.s3-us-east-2.amazonaws.com/wrappingpaper/new_uploads/449410ca-344b-41ae-94dc-4e858ad61ee7_6_011.png
https://compoundfoundry.s3.us-east-2.amazonaws.com/wrappingpaper/new_uploads/0889a893-4cdd-41c1-b302-947923f15b03.png,0889a893-4cdd-41c1-b302-947923f15b03,"goldenretriever, dog, dogs, animal, Christmas, holiday, pet",https://compoundfoundry.s3-us-east-2.amazonaws.com/wrappingpaper/new_uploads/0889a893-4cdd-41c1-b302-947923f15b03_3_051_w.png,https://compoundfoundry.s3-us-east-2.amazonaws.com/wrappingpaper/new_uploads/0889a893-4cdd-41c1-b302-947923f15b03_6_011.png
https://compoundfoundry.s3.us-east-2.amazonaws.com/wrappingpaper/new_uploads/ed09591d-f390-4af3-aec7-cfc66242364e.png,ed09591d-f390-4af3-aec7-cfc66242364e,"goldenretriever, dog, dogs, animal, Christmas, holiday, pet",https://compoundfoundry.s3-us-east-2.amazonaws.com/wrappingpaper/new_uploads/ed09591d-f390-4af3-aec7-cfc66242364e_3_05-(2).png,https://compoundfoundry.s3-us-east-2.amazonaws.com/wrappingpaper/new_uploads/ed09591d-f390-4af3-aec7-cfc66242364e_6_011.png
https://compoundfoundry.s3.us-east-2.amazonaws.com/wrappingpaper/new_uploads/4ba84336-d0f0-475d-9c06-ede21cfacb77.png,4ba84336-d0f0-475d-9c06-ede21cfacb77,"candycorn, halloween, candy, trickortreat, sweets",https://compoundfoundry.s3-us-east-2.amazonaws.com/wrappingpaper/new_uploads/4ba84336-d0f0-475d-9c06-ede21cfacb77_3_081_w.png,https://compoundfoundry.s3-us-east-2.amazonaws.com/wrappingpaper/new_uploads/4ba84336-d0f0-475d-9c06-ede21cfacb77_6_011.png
https://compoundfoundry.s3.us-east-2.amazonaws.com/wrappingpaper/new_uploads/1ce8f2ec-3216-4c82-8dba-2744a543b962.png,1ce8f2ec-3216-4c82-8dba-2744a543b962,"whitegoldenretriever, goldenretriever, white, dog, animal, holiday, christmas",https://compoundfoundry.s3-us-east-2.amazonaws.com/wrappingpaper/new_uploads/1ce8f2ec-3216-4c82-8dba-2744a543b962_3_051_w.png,https://compoundfoundry.s3-us-east-2.amazonaws.com/wrappingpaper/new_uploads/1ce8f2ec-3216-4c82-8dba-2744a543b962_6_011.png
https://compoundfoundry.s3.us-east-2.amazonaws.com/wrappingpaper/new_uploads/ecaa83a9-7de0-4d11-a128-72680bcd7c51.png,ecaa83a9-7de0-4d11-a128-72680bcd7c51,"goldenretriever, retriever, puppy, dog, pet, Christmas, holiday",https://compoundfoundry.s3-us-east-2.amazonaws.com/wrappingpaper/new_uploads/ecaa83a9-7de0-4d11-a128-72680bcd7c51_3_05-(2).png,https://compoundfoundry.s3-us-east-2.amazonaws.com/wrappingpaper/new_uploads/ecaa83a9-7de0-4d11-a128-72680bcd7c51_6_011.png
https://compoundfoundry.s3.us-east-2.amazonaws.com/wrappingpaper/new_uploads/d1e01d3e-8762-42cb-ab0c-2705b43806e7.png,d1e01d3e-8762-42cb-ab0c-2705b43806e7,"goldenretriever, golden, dog, puppy, pet",https://compoundfoundry.s3-us-east-2.amazonaws.com/wrappingpaper/new_uploads/d1e01d3e-8762-42cb-ab0c-2705b43806e7_3_051_w.png,https://compoundfoundry.s3-us-east-2.amazonaws.com/wrappingpaper/new_uploads/d1e01d3e-8762-42cb-ab0c-2705b43806e7_6_011.png
https://compoundfoundry.s3.us-east-2.amazonaws.com/wrappingpaper/new_uploads/f094cb19-9511-4ab6-b189-431892f70ac8.png,f094cb19-9511-4ab6-b189-431892f70ac8,"germanshepard, dog, animal, shep, puppy",https://compoundfoundry.s3-us-east-2.amazonaws.com/wrappingpaper/new_uploads/f094cb19-9511-4ab6-b189-431892f70ac8_3_081_w.png,https://compoundfoundry.s3-us-east-2.amazonaws.com/wrappingpaper/new_uploads/f094cb19-9511-4ab6-b189-431892f70ac8_6_011.png
https://compoundfoundry.s3.us-east-2.amazonaws.com/wrappingpaper/new_uploads/dd495340-9577-48ba-8d6c-24f572f8eca2.png,dd495340-9577-48ba-8d6c-24f572f8eca2,"bordercollie, dog, animal, puppy",https://compoundfoundry.s3-us-east-2.amazonaws.com/wrappingpaper/new_uploads/dd495340-9577-48ba-8d6c-24f572f8eca2_3_05-(2).png,https://compoundfoundry.s3-us-east-2.amazonaws.com/wrappingpaper/new_uploads/dd495340-9577-48ba-8d6c-24f572f8eca2_6_011.png
https://compoundfoundry.s3.us-east-2.amazonaws.com/wrappingpaper/new_uploads/fc1132e3-86cd-46d8-b044-70c3b13f3983.png,fc1132e3-86cd-46d8-b044-70c3b13f3983,"blacklab, lab, dog, puppy, animal",https://compoundfoundry.s3-us-east-2.amazonaws.com/wrappingpaper/new_uploads/fc1132e3-86cd-46d8-b044-70c3b13f3983_3_051_w.png,https://compoundfoundry.s3-us-east-2.amazonaws.com/wrappingpaper/new_uploads/fc1132e3-86cd-46d8-b044-70c3b13f3983_6_011.png
https://compoundfoundry.s3.us-east-2.amazonaws.com/wrappingpaper/new_uploads/573b98dc-3d21-4986-967f-535765a76cb7.png,573b98dc-3d21-4986-967f-535765a76cb7,"goldenretriever, retriever, dogs, puppy, animal, christmas, holiday",https://compoundfoundry.s3-us-east-2.amazonaws.com/wrappingpaper/new_uploads/573b98dc-3d21-4986-967f-535765a76cb7_3_051_w.png,https://compoundfoundry.s3-us-east-2.amazonaws.com/wrappingpaper/new_uploads/573b98dc-3d21-4986-967f-535765a76cb7_6_011.png
https://compoundfoundry.s3.us-east-2.amazonaws.com/wrappingpaper/new_uploads/3199af00-b2e4-43bf-a89b-d557d6ad4960.png,3199af00-b2e4-43bf-a89b-d557d6ad4960,"goldenretriever, retriever, dogs, animal, puppy",https://compoundfoundry.s3-us-east-2.amazonaws.com/wrappingpaper/new_uploads/3199af00-b2e4-43bf-a89b-d557d6ad4960_3_051_w.png,https://compoundfoundry.s3-us-east-2.amazonaws.com/wrappingpaper/new_uploads/3199af00-b2e4-43bf-a89b-d557d6ad4960_6_011.png
https://compoundfoundry.s3.us-east-2.amazonaws.com/wrappingpaper/new_uploads/bb9d6d9f-29b3-43ba-a86d-6fcf7830531b.png,bb9d6d9f-29b3-43ba-a86d-6fcf7830531b,"germanshepherd, shep, dog, puppy, pet, Christmas, holiday",https://compoundfoundry.s3-us-east-2.amazonaws.com/wrappingpaper/new_uploads/bb9d6d9f-29b3-43ba-a86d-6fcf7830531b_3_05-(2).png,https://compoundfoundry.s3-us-east-2.amazonaws.com/wrappingpaper/new_uploads/bb9d6d9f-29b3-43ba-a86d-6fcf7830531b_6_011.png
https://compoundfoundry.s3.us-east-2.amazonaws.com/wrappingpaper/new_uploads/ae96200b-b3af-4d2b-bb6a-934b618b30fe.png,ae96200b-b3af-4d2b-bb6a-934b618b30fe,"blacklab, lab, animal, dog, puppy, christmas, holiday",https://compoundfoundry.s3-us-east-2.amazonaws.com/wrappingpaper/new_uploads/ae96200b-b3af-4d2b-bb6a-934b618b30fe_3_05-(2).png,https://compoundfoundry.s3-us-east-2.amazonaws.com/wrappingpaper/new_uploads/ae96200b-b3af-4d2b-bb6a-934b618b30fe_6_011.png
https://compoundfoundry.s3.us-east-2.amazonaws.com/wrappingpaper/new_uploads/0b3583b0-68b8-45d3-86e0-6115d1072f56.png,0b3583b0-68b8-45d3-86e0-6115d1072f56,"witch, holiday, halloween, spooky, witch, broom",https://compoundfoundry.s3-us-east-2.amazonaws.com/wrappingpaper/new_uploads/0b3583b0-68b8-45d3-86e0-6115d1072f56_3_081_w.png,https://compoundfoundry.s3-us-east-2.amazonaws.com/wrappingpaper/new_uploads/0b3583b0-68b8-45d3-86e0-6115d1072f56_6_011.png
https://compoundfoundry.s3.us-east-2.amazonaws.com/wrappingpaper/new_uploads/0839b0be-ff89-4b54-9e10-26742d4417d8.png,0839b0be-ff89-4b54-9e10-26742d4417d8,"halloween, pumpkins, ghost, bats, spooky, holiday",https://compoundfoundry.s3-us-east-2.amazonaws.com/wrappingpaper/new_uploads/0839b0be-ff89-4b54-9e10-26742d4417d8_3_05-(2).png,https://compoundfoundry.s3-us-east-2.amazonaws.com/wrappingpaper/new_uploads/0839b0be-ff89-4b54-9e10-26742d4417d8_6_011.png
https://compoundfoundry.s3.us-east-2.amazonaws.com/wrappingpaper/new_uploads/07983da3-48af-4309-beed-a9e116c34510.png,07983da3-48af-4309-beed-a9e116c34510,"Goldenretriever, retriever, dog, animal, puppy, holiday, Christmas",https://compoundfoundry.s3-us-east-2.amazonaws.com/wrappingpaper/new_uploads/07983da3-48af-4309-beed-a9e116c34510_3_051_w.png,https://compoundfoundry.s3-us-east-2.amazonaws.com/wrappingpaper/new_uploads/07983da3-48af-4309-beed-a9e116c34510_6_011.png
https://compoundfoundry.s3.us-east-2.amazonaws.com/wrappingpaper/new_uploads/54a94e78-b8fc-4fb9-9f26-21ab3d541de4.png,54a94e78-b8fc-4fb9-9f26-21ab3d541de4,"goldenretriever, retriever, dog, animal, puppy, holiday, Christmas",https://compoundfoundry.s3-us-east-2.amazonaws.com/wrappingpaper/new_uploads/54a94e78-b8fc-4fb9-9f26-21ab3d541de4_3_05-(2).png,https://compoundfoundry.s3-us-east-2.amazonaws.com/wrappingpaper/new_uploads/54a94e78-b8fc-4fb9-9f26-21ab3d541de4_6_011.png
https://compoundfoundry.s3.us-east-2.amazonaws.com/wrappingpaper/new_uploads/b5a2de0d-0af4-48d9-b529-b2afc0993f61.png,b5a2de0d-0af4-48d9-b529-b2afc0993f61,"goldenretriever, retriever, dog, puppy, dog, animal",https://compoundfoundry.s3-us-east-2.amazonaws.com/wrappingpaper/new_uploads/b5a2de0d-0af4-48d9-b529-b2afc0993f61_3_081_w.png,https://compoundfoundry.s3-us-east-2.amazonaws.com/wrappingpaper/new_uploads/b5a2de0d-0af4-48d9-b529-b2afc0993f61_6_011.png
https://compoundfoundry.s3.us-east-2.amazonaws.com/wrappingpaper/new_uploads/b9b6e6bc-32f9-4618-8518-0e90a6b3ba59.png,b9b6e6bc-32f9-4618-8518-0e90a6b3ba59,"bernesemountaindog, dog, puppy, animal",https://compoundfoundry.s3-us-east-2.amazonaws.com/wrappingpaper/new_uploads/b9b6e6bc-32f9-4618-8518-0e90a6b3ba59_3_051_w.png,https://compoundfoundry.s3-us-east-2.amazonaws.com/wrappingpaper/new_uploads/b9b6e6bc-32f9-4618-8518-0e90a6b3ba59_6_011.png
https://compoundfoundry.s3.us-east-2.amazonaws.com/wrappingpaper/new_uploads/445f387c-8d4e-401b-b92f-b46f0052d601.png,445f387c-8d4e-401b-b92f-b46f0052d601,"chocolatelab, lab, chocolate, dog, animal, pet, puppy",https://compoundfoundry.s3-us-east-2.amazonaws.com/wrappingpaper/new_uploads/445f387c-8d4e-401b-b92f-b46f0052d601_3_05-(2).png,https://compoundfoundry.s3-us-east-2.amazonaws.com/wrappingpaper/new_uploads/445f387c-8d4e-401b-b92f-b46f0052d601_6_011.png
https://compoundfoundry.s3.us-east-2.amazonaws.com/wrappingpaper/new_uploads/2483e9ed-6e83-41a4-878d-69715dcc848d.png,2483e9ed-6e83-41a4-878d-69715dcc848d,"germanshephard, shephard, dog, puppy, animal, pet",https://compoundfoundry.s3-us-east-2.amazonaws.com/wrappingpaper/new_uploads/2483e9ed-6e83-41a4-878d-69715dcc848d_3_051_w.png,https://compoundfoundry.s3-us-east-2.amazonaws.com/wrappingpaper/new_uploads/2483e9ed-6e83-41a4-878d-69715dcc848d_6_011.png
https://compoundfoundry.s3.us-east-2.amazonaws.com/wrappingpaper/new_uploads/d97370ac-d11b-46c9-ac9b-b035ba303ec9.png,d97370ac-d11b-46c9-ac9b-b035ba303ec9,"aussie, aussieshephard, dog, puppy, animal",https://compoundfoundry.s3-us-east-2.amazonaws.com/wrappingpaper/new_uploads/d97370ac-d11b-46c9-ac9b-b035ba303ec9_3_081_w.png,https://compoundfoundry.s3-us-east-2.amazonaws.com/wrappingpaper/new_uploads/d97370ac-d11b-46c9-ac9b-b035ba303ec9_6_011.png
https://compoundfoundry.s3.us-east-2.amazonaws.com/wrappingpaper/new_uploads/9287526d-53aa-48fe-a245-bb48fcc5781d.png,9287526d-53aa-48fe-a245-bb48fcc5781d,"santa, football, sport, game, holiday, christmas",https://compoundfoundry.s3-us-east-2.amazonaws.com/wrappingpaper/new_uploads/9287526d-53aa-48fe-a245-bb48fcc5781d_3_081_w.png,https://compoundfoundry.s3-us-east-2.amazonaws.com/wrappingpaper/new_uploads/9287526d-53aa-48fe-a245-bb48fcc5781d_6_011.png
https://compoundfoundry.s3.us-east-2.amazonaws.com/wrappingpaper/new_uploads/915c98a5-63bb-4e6f-b5ae-7daef6d529f3.png,915c98a5-63bb-4e6f-b5ae-7daef6d529f3,"Christmas, holiday, plaid, tarten",https://compoundfoundry.s3-us-east-2.amazonaws.com/wrappingpaper/new_uploads/915c98a5-63bb-4e6f-b5ae-7daef6d529f3_3_051_w.png,https://compoundfoundry.s3-us-east-2.amazonaws.com/wrappingpaper/new_uploads/915c98a5-63bb-4e6f-b5ae-7daef6d529f3_6_011.png
https://compoundfoundry.s3.us-east-2.amazonaws.com/wrappingpaper/new_uploads/c77604d8-121f-4f1b-a25b-56b54ef37115.png,c77604d8-121f-4f1b-a25b-56b54ef37115,"cavalierkingcharlesspaniels, spaniels, dog, puppy, animal, cockerspaniel",https://compoundfoundry.s3-us-east-2.amazonaws.com/wrappingpaper/new_uploads/c77604d8-121f-4f1b-a25b-56b54ef37115_3_081_w.png,https://compoundfoundry.s3-us-east-2.amazonaws.com/wrappingpaper/new_uploads/c77604d8-121f-4f1b-a25b-56b54ef37115_6_011.png
https://compoundfoundry.s3.us-east-2.amazonaws.com/wrappingpaper/new_uploads/9cfa804b-50cb-4f29-8151-18b95b89557f.png,9cfa804b-50cb-4f29-8151-18b95b89557f,"cavalierkingcharles, puppy, dog, pup, spaniel",https://compoundfoundry.s3-us-east-2.amazonaws.com/wrappingpaper/new_uploads/9cfa804b-50cb-4f29-8151-18b95b89557f_3_051_w.png,https://compoundfoundry.s3-us-east-2.amazonaws.com/wrappingpaper/new_uploads/9cfa804b-50cb-4f29-8151-18b95b89557f_6_011.png
